{
    "name": "Color Correction by Lucas",
    "version": "1.0.0",
    "description": "Advanced color correction node for ComfyUI with HUE, Saturation, Brightness, Contrast, Gamma, Noise and Blur controls",
    "author": "Lucas",
    "license": "MIT",
    "keywords": ["color", "correction", "image", "processing", "hue", "saturation", "brightness", "contrast", "gamma", "noise", "blur"],
    "comfyui_version": ">=0.1.0",
    "python_dependencies": [
        "torch",
        "numpy",
        "pillow",
        "opencv-python"
    ],
    "nodes": [
        {
            "class": "ColorCorrectionByLucas",
            "display_name": "Color Correction by Lucas",
            "category": "image/color",
            "description": "Apply color corrections including HUE, Saturation, Brightness, Contrast, Gamma, Noise and Blur adjustments"
        }
    ]
}

